﻿<?xml version="1.0" encoding="utf-8"?>
<?xml-stylesheet type="text/xsl" href="file:///C:/PROGRAM FILES (X86)/MICROSOFT VISUAL STUDIO 12.0/COMMON7/IDE/EXTENSIONS/MICROSOFT/ARCHITECTURE TOOLS/EXTENSIBILITY/Logging/CodeGenLog.xslt"?>
<Log xmlns="http://schemas.microsoft.com/VisualStudio/2010/CodeGen.RE.Log" Label="Code Generation/Text Transformation Log">
  <MessageClass Name="Message" Label="Message" Option="Show informational messages" />
  <MessageClass Name="Warning" Label="Warning" Option="Show warnings" />
  <MessageClass Name="Error" Label="Error" Option="Show errors" />
  <MessageClass Name="Property" Label="Property" Option="Show metadata" />
  <MessageClass Name="Diagnostic" Label="Message" Option="Show diagnostic messages" />
  <Message Timestamp="2015-03-22T14:03:25" Importance="High" Text="Code generation or text transformation started." />
  <Message Timestamp="2015-03-22T14:03:25" Importance="Diagnostic" Text="Name = ClassTemplate" />
  <Message Timestamp="2015-03-22T14:03:25" Importance="Diagnostic" Text="Overwrite = True" />
  <Message Timestamp="2015-03-22T14:03:25" Importance="Diagnostic" Text="ProjectPath = ..\Online BankingLib\Online BankingLib.csproj" />
  <Message Timestamp="2015-03-22T14:03:25" Importance="Diagnostic" Text="TargetDirectory = {PackageStructure}" />
  <Message Timestamp="2015-03-22T14:03:25" Importance="Diagnostic" Text="TargetName = {Name}" />
  <Message Timestamp="2015-03-22T14:03:25" Importance="Diagnostic" Text="TemplateFilePath = C:\PROGRAM FILES (X86)\MICROSOFT VISUAL STUDIO 12.0\COMMON7\IDE\EXTENSIONS\MICROSOFT\ARCHITECTURE TOOLS\EXTENSIBILITY\Templates\Text\ClassTemplate.t4" />
  <Message Timestamp="2015-03-22T14:03:25" Importance="Diagnostic" Text="ResolvedTemplateFilePath = C:\PROGRAM FILES (X86)\MICROSOFT VISUAL STUDIO 12.0\COMMON7\IDE\EXTENSIONS\MICROSOFT\ARCHITECTURE TOOLS\EXTENSIBILITY\Templates\Text\ClassTemplate.t4" />
  <Message Timestamp="2015-03-22T14:03:25" Importance="Medium" Text="Online Banking's Text Template Binding: 'ClassTemplate' will apply ClassTemplate.t4 to: 'Online Banking::OBClient::CustomerInterface' -  (Class), 'Online Banking::OBOperator::OperatorInterface' -  (Class), 'Online Banking::BankServer::TransactionManagerBase' -  (Class), 'Online Banking::BankServer::QueryManager' -  (Class), 'Online Banking::BankServer::IDValidationManager' -  (Class), 'Online Banking::BankServer::UnlockIDManager' -  (Class), 'Online Banking::BankServer::AlertManager' -  (Class), 'Online Banking::BankServer::ProfileManager' -  (Class), 'Online Banking::BankServer::Bank' -  (Class), 'Online Banking::BankServer::StatementManager' -  (Class), 'Online Banking::BankServer::TransferManager' -  (Class), 'Online Banking::BankServer::Customer' -  (Class), 'Online Banking::BankServer::Account' -  (Class), 'Online Banking::BankServer::Statement' -  (Class), 'Online Banking::BankServer::Transaction' -  (Class), 'Online Banking::BankServer::TransactionLog' -  (Class), 'Online Banking::BankServer::CheckingAccount' -  (Class), 'Online Banking::BankServer::Alert' -  (Class), 'Online Banking::BankServer::SavingsAccount' -  (Class), 'Online Banking::BankServer::AlertTransaction' -  (Class), 'Online Banking::BankServer::IDValidationTransaction' -  (Class), 'Online Banking::BankServer::StatementTransaction' -  (Class), 'Online Banking::BankServer::TransferTransaction' -  (Class), 'Online Banking::BankServer::CheckImage' -  (Class), 'Online Banking::BankServer::ProfileTransaction' -  (Class), 'Online Banking::BankServer::QueryTransaction' -  (Class), 'Online Banking::BankServer::UnlockIDTransaction' -  (Class) " />
  <Message Timestamp="2015-03-22T14:03:32" Importance="Medium" Text="Project Added: C:\Users\kdinsmo\Documents\TTU\CS 5332 Secure Software Engineering\Assignments\Online Banking\Online BankingLib\Online BankingLib.csproj" />
  <Message Timestamp="2015-03-22T14:03:32" Importance="Medium" Text="'Online Banking::OBClient::CustomerInterface' -  (Class) : success (file created) - C:\Users\kdinsmo\Documents\TTU\CS 5332 Secure Software Engineering\Assignments\Online Banking\Online BankingLib\OBClient\CustomerInterface.cs" />
  <Message Timestamp="2015-03-22T14:03:32" Importance="Medium" Text="'Online Banking::OBOperator::OperatorInterface' -  (Class) : success (file created) - C:\Users\kdinsmo\Documents\TTU\CS 5332 Secure Software Engineering\Assignments\Online Banking\Online BankingLib\OBOperator\OperatorInterface.cs" />
  <Message Timestamp="2015-03-22T14:03:32" Importance="Medium" Text="'Online Banking::BankServer::TransactionManagerBase' -  (Class) : success (file created) - C:\Users\kdinsmo\Documents\TTU\CS 5332 Secure Software Engineering\Assignments\Online Banking\Online BankingLib\BankServer\TransactionManagerBase.cs" />
  <Message Timestamp="2015-03-22T14:03:32" Importance="Medium" Text="'Online Banking::BankServer::QueryManager' -  (Class) : success (file created) - C:\Users\kdinsmo\Documents\TTU\CS 5332 Secure Software Engineering\Assignments\Online Banking\Online BankingLib\BankServer\QueryManager.cs" />
  <Message Timestamp="2015-03-22T14:03:33" Importance="Medium" Text="'Online Banking::BankServer::IDValidationManager' -  (Class) : success (file created) - C:\Users\kdinsmo\Documents\TTU\CS 5332 Secure Software Engineering\Assignments\Online Banking\Online BankingLib\BankServer\IDValidationManager.cs" />
  <Message Timestamp="2015-03-22T14:03:33" Importance="Medium" Text="'Online Banking::BankServer::UnlockIDManager' -  (Class) : success (file created) - C:\Users\kdinsmo\Documents\TTU\CS 5332 Secure Software Engineering\Assignments\Online Banking\Online BankingLib\BankServer\UnlockIDManager.cs" />
  <Message Timestamp="2015-03-22T14:03:33" Importance="Medium" Text="'Online Banking::BankServer::AlertManager' -  (Class) : success (file created) - C:\Users\kdinsmo\Documents\TTU\CS 5332 Secure Software Engineering\Assignments\Online Banking\Online BankingLib\BankServer\AlertManager.cs" />
  <Message Timestamp="2015-03-22T14:03:33" Importance="Medium" Text="'Online Banking::BankServer::ProfileManager' -  (Class) : success (file created) - C:\Users\kdinsmo\Documents\TTU\CS 5332 Secure Software Engineering\Assignments\Online Banking\Online BankingLib\BankServer\ProfileManager.cs" />
  <Message Timestamp="2015-03-22T14:03:34" Importance="Medium" Text="'Online Banking::BankServer::Bank' -  (Class) : success (file created) - C:\Users\kdinsmo\Documents\TTU\CS 5332 Secure Software Engineering\Assignments\Online Banking\Online BankingLib\BankServer\Bank.cs" />
  <Message Timestamp="2015-03-22T14:03:34" Importance="Medium" Text="'Online Banking::BankServer::StatementManager' -  (Class) : success (file created) - C:\Users\kdinsmo\Documents\TTU\CS 5332 Secure Software Engineering\Assignments\Online Banking\Online BankingLib\BankServer\StatementManager.cs" />
  <Message Timestamp="2015-03-22T14:03:34" Importance="Medium" Text="'Online Banking::BankServer::TransferManager' -  (Class) : success (file created) - C:\Users\kdinsmo\Documents\TTU\CS 5332 Secure Software Engineering\Assignments\Online Banking\Online BankingLib\BankServer\TransferManager.cs" />
  <Message Timestamp="2015-03-22T14:03:34" Importance="Medium" Text="'Online Banking::BankServer::Customer' -  (Class) : success (file created) - C:\Users\kdinsmo\Documents\TTU\CS 5332 Secure Software Engineering\Assignments\Online Banking\Online BankingLib\BankServer\Customer.cs" />
  <Message Timestamp="2015-03-22T14:03:35" Importance="Medium" Text="'Online Banking::BankServer::Account' -  (Class) : success (file created) - C:\Users\kdinsmo\Documents\TTU\CS 5332 Secure Software Engineering\Assignments\Online Banking\Online BankingLib\BankServer\Account.cs" />
  <Message Timestamp="2015-03-22T14:03:35" Importance="Medium" Text="'Online Banking::BankServer::Statement' -  (Class) : success (file created) - C:\Users\kdinsmo\Documents\TTU\CS 5332 Secure Software Engineering\Assignments\Online Banking\Online BankingLib\BankServer\Statement.cs" />
  <Message Timestamp="2015-03-22T14:03:35" Importance="Medium" Text="'Online Banking::BankServer::Transaction' -  (Class) : success (file created) - C:\Users\kdinsmo\Documents\TTU\CS 5332 Secure Software Engineering\Assignments\Online Banking\Online BankingLib\BankServer\Transaction.cs" />
  <Message Timestamp="2015-03-22T14:03:36" Importance="Medium" Text="'Online Banking::BankServer::TransactionLog' -  (Class) : success (file created) - C:\Users\kdinsmo\Documents\TTU\CS 5332 Secure Software Engineering\Assignments\Online Banking\Online BankingLib\BankServer\TransactionLog.cs" />
  <Message Timestamp="2015-03-22T14:03:36" Importance="Medium" Text="'Online Banking::BankServer::CheckingAccount' -  (Class) : success (file created) - C:\Users\kdinsmo\Documents\TTU\CS 5332 Secure Software Engineering\Assignments\Online Banking\Online BankingLib\BankServer\CheckingAccount.cs" />
  <Message Timestamp="2015-03-22T14:03:36" Importance="Medium" Text="'Online Banking::BankServer::Alert' -  (Class) : success (file created) - C:\Users\kdinsmo\Documents\TTU\CS 5332 Secure Software Engineering\Assignments\Online Banking\Online BankingLib\BankServer\Alert.cs" />
  <Message Timestamp="2015-03-22T14:03:36" Importance="Medium" Text="'Online Banking::BankServer::SavingsAccount' -  (Class) : success (file created) - C:\Users\kdinsmo\Documents\TTU\CS 5332 Secure Software Engineering\Assignments\Online Banking\Online BankingLib\BankServer\SavingsAccount.cs" />
  <Message Timestamp="2015-03-22T14:03:36" Importance="Medium" Text="'Online Banking::BankServer::AlertTransaction' -  (Class) : success (file created) - C:\Users\kdinsmo\Documents\TTU\CS 5332 Secure Software Engineering\Assignments\Online Banking\Online BankingLib\BankServer\AlertTransaction.cs" />
  <Message Timestamp="2015-03-22T14:03:37" Importance="Medium" Text="'Online Banking::BankServer::IDValidationTransaction' -  (Class) : success (file created) - C:\Users\kdinsmo\Documents\TTU\CS 5332 Secure Software Engineering\Assignments\Online Banking\Online BankingLib\BankServer\IDValidationTransaction.cs" />
  <Message Timestamp="2015-03-22T14:03:37" Importance="Medium" Text="'Online Banking::BankServer::StatementTransaction' -  (Class) : success (file created) - C:\Users\kdinsmo\Documents\TTU\CS 5332 Secure Software Engineering\Assignments\Online Banking\Online BankingLib\BankServer\StatementTransaction.cs" />
  <Message Timestamp="2015-03-22T14:03:37" Importance="Medium" Text="'Online Banking::BankServer::TransferTransaction' -  (Class) : success (file created) - C:\Users\kdinsmo\Documents\TTU\CS 5332 Secure Software Engineering\Assignments\Online Banking\Online BankingLib\BankServer\TransferTransaction.cs" />
  <Message Timestamp="2015-03-22T14:03:37" Importance="Medium" Text="'Online Banking::BankServer::CheckImage' -  (Class) : success (file created) - C:\Users\kdinsmo\Documents\TTU\CS 5332 Secure Software Engineering\Assignments\Online Banking\Online BankingLib\BankServer\CheckImage.cs" />
  <Message Timestamp="2015-03-22T14:03:38" Importance="Medium" Text="'Online Banking::BankServer::ProfileTransaction' -  (Class) : success (file created) - C:\Users\kdinsmo\Documents\TTU\CS 5332 Secure Software Engineering\Assignments\Online Banking\Online BankingLib\BankServer\ProfileTransaction.cs" />
  <Message Timestamp="2015-03-22T14:03:38" Importance="Medium" Text="'Online Banking::BankServer::QueryTransaction' -  (Class) : success (file created) - C:\Users\kdinsmo\Documents\TTU\CS 5332 Secure Software Engineering\Assignments\Online Banking\Online BankingLib\BankServer\QueryTransaction.cs" />
  <Message Timestamp="2015-03-22T14:03:38" Importance="Medium" Text="'Online Banking::BankServer::UnlockIDTransaction' -  (Class) : success (file created) - C:\Users\kdinsmo\Documents\TTU\CS 5332 Secure Software Engineering\Assignments\Online Banking\Online BankingLib\BankServer\UnlockIDTransaction.cs" />
  <Message Timestamp="2015-03-22T14:03:38" Importance="Diagnostic" Text="Name = StructTemplate" />
  <Message Timestamp="2015-03-22T14:03:38" Importance="Diagnostic" Text="Overwrite = True" />
  <Message Timestamp="2015-03-22T14:03:38" Importance="Diagnostic" Text="ProjectPath = ..\Online BankingLib\Online BankingLib.csproj" />
  <Message Timestamp="2015-03-22T14:03:38" Importance="Diagnostic" Text="TargetDirectory = {PackageStructure}" />
  <Message Timestamp="2015-03-22T14:03:38" Importance="Diagnostic" Text="TargetName = {Name}" />
  <Message Timestamp="2015-03-22T14:03:38" Importance="Diagnostic" Text="TemplateFilePath = C:\PROGRAM FILES (X86)\MICROSOFT VISUAL STUDIO 12.0\COMMON7\IDE\EXTENSIONS\MICROSOFT\ARCHITECTURE TOOLS\EXTENSIBILITY\Templates\Text\StructTemplate.t4" />
  <Message Timestamp="2015-03-22T14:03:38" Importance="Diagnostic" Text="ResolvedTemplateFilePath = C:\PROGRAM FILES (X86)\MICROSOFT VISUAL STUDIO 12.0\COMMON7\IDE\EXTENSIONS\MICROSOFT\ARCHITECTURE TOOLS\EXTENSIBILITY\Templates\Text\StructTemplate.t4" />
  <Message Timestamp="2015-03-22T14:03:38" Importance="Medium" Text="Online Banking's Text Template Binding: 'StructTemplate' will apply StructTemplate.t4 to: 'Online Banking::OBClient::CustomerInterface' -  (Class), 'Online Banking::OBOperator::OperatorInterface' -  (Class), 'Online Banking::BankServer::TransactionManagerBase' -  (Class), 'Online Banking::BankServer::QueryManager' -  (Class), 'Online Banking::BankServer::IDValidationManager' -  (Class), 'Online Banking::BankServer::UnlockIDManager' -  (Class), 'Online Banking::BankServer::AlertManager' -  (Class), 'Online Banking::BankServer::ProfileManager' -  (Class), 'Online Banking::BankServer::Bank' -  (Class), 'Online Banking::BankServer::StatementManager' -  (Class), 'Online Banking::BankServer::TransferManager' -  (Class), 'Online Banking::BankServer::Customer' -  (Class), 'Online Banking::BankServer::Account' -  (Class), 'Online Banking::BankServer::Statement' -  (Class), 'Online Banking::BankServer::Transaction' -  (Class), 'Online Banking::BankServer::TransactionLog' -  (Class), 'Online Banking::BankServer::CheckingAccount' -  (Class), 'Online Banking::BankServer::Alert' -  (Class), 'Online Banking::BankServer::SavingsAccount' -  (Class), 'Online Banking::BankServer::AlertTransaction' -  (Class), 'Online Banking::BankServer::IDValidationTransaction' -  (Class), 'Online Banking::BankServer::StatementTransaction' -  (Class), 'Online Banking::BankServer::TransferTransaction' -  (Class), 'Online Banking::BankServer::CheckImage' -  (Class), 'Online Banking::BankServer::ProfileTransaction' -  (Class), 'Online Banking::BankServer::QueryTransaction' -  (Class), 'Online Banking::BankServer::UnlockIDTransaction' -  (Class) " />
  <Message Timestamp="2015-03-22T14:03:38" Importance="Diagnostic" Text="'Online Banking::OBClient::CustomerInterface' -  (Class): no file generated because the 'AppliesToElement' method of the template 'StructTemplate.t4' evaluated to false." />
  <Message Timestamp="2015-03-22T14:03:38" Importance="Diagnostic" Text="'Online Banking::OBOperator::OperatorInterface' -  (Class): no file generated because the 'AppliesToElement' method of the template 'StructTemplate.t4' evaluated to false." />
  <Message Timestamp="2015-03-22T14:03:38" Importance="Diagnostic" Text="'Online Banking::BankServer::TransactionManagerBase' -  (Class): no file generated because the 'AppliesToElement' method of the template 'StructTemplate.t4' evaluated to false." />
  <Message Timestamp="2015-03-22T14:03:38" Importance="Diagnostic" Text="'Online Banking::BankServer::QueryManager' -  (Class): no file generated because the 'AppliesToElement' method of the template 'StructTemplate.t4' evaluated to false." />
  <Message Timestamp="2015-03-22T14:03:38" Importance="Diagnostic" Text="'Online Banking::BankServer::IDValidationManager' -  (Class): no file generated because the 'AppliesToElement' method of the template 'StructTemplate.t4' evaluated to false." />
  <Message Timestamp="2015-03-22T14:03:38" Importance="Diagnostic" Text="'Online Banking::BankServer::UnlockIDManager' -  (Class): no file generated because the 'AppliesToElement' method of the template 'StructTemplate.t4' evaluated to false." />
  <Message Timestamp="2015-03-22T14:03:39" Importance="Diagnostic" Text="'Online Banking::BankServer::AlertManager' -  (Class): no file generated because the 'AppliesToElement' method of the template 'StructTemplate.t4' evaluated to false." />
  <Message Timestamp="2015-03-22T14:03:39" Importance="Diagnostic" Text="'Online Banking::BankServer::ProfileManager' -  (Class): no file generated because the 'AppliesToElement' method of the template 'StructTemplate.t4' evaluated to false." />
  <Message Timestamp="2015-03-22T14:03:39" Importance="Diagnostic" Text="'Online Banking::BankServer::Bank' -  (Class): no file generated because the 'AppliesToElement' method of the template 'StructTemplate.t4' evaluated to false." />
  <Message Timestamp="2015-03-22T14:03:39" Importance="Diagnostic" Text="'Online Banking::BankServer::StatementManager' -  (Class): no file generated because the 'AppliesToElement' method of the template 'StructTemplate.t4' evaluated to false." />
  <Message Timestamp="2015-03-22T14:03:39" Importance="Diagnostic" Text="'Online Banking::BankServer::TransferManager' -  (Class): no file generated because the 'AppliesToElement' method of the template 'StructTemplate.t4' evaluated to false." />
  <Message Timestamp="2015-03-22T14:03:39" Importance="Diagnostic" Text="'Online Banking::BankServer::Customer' -  (Class): no file generated because the 'AppliesToElement' method of the template 'StructTemplate.t4' evaluated to false." />
  <Message Timestamp="2015-03-22T14:03:39" Importance="Diagnostic" Text="'Online Banking::BankServer::Account' -  (Class): no file generated because the 'AppliesToElement' method of the template 'StructTemplate.t4' evaluated to false." />
  <Message Timestamp="2015-03-22T14:03:39" Importance="Diagnostic" Text="'Online Banking::BankServer::Statement' -  (Class): no file generated because the 'AppliesToElement' method of the template 'StructTemplate.t4' evaluated to false." />
  <Message Timestamp="2015-03-22T14:03:39" Importance="Diagnostic" Text="'Online Banking::BankServer::Transaction' -  (Class): no file generated because the 'AppliesToElement' method of the template 'StructTemplate.t4' evaluated to false." />
  <Message Timestamp="2015-03-22T14:03:39" Importance="Diagnostic" Text="'Online Banking::BankServer::TransactionLog' -  (Class): no file generated because the 'AppliesToElement' method of the template 'StructTemplate.t4' evaluated to false." />
  <Message Timestamp="2015-03-22T14:03:39" Importance="Diagnostic" Text="'Online Banking::BankServer::CheckingAccount' -  (Class): no file generated because the 'AppliesToElement' method of the template 'StructTemplate.t4' evaluated to false." />
  <Message Timestamp="2015-03-22T14:03:39" Importance="Diagnostic" Text="'Online Banking::BankServer::Alert' -  (Class): no file generated because the 'AppliesToElement' method of the template 'StructTemplate.t4' evaluated to false." />
  <Message Timestamp="2015-03-22T14:03:39" Importance="Diagnostic" Text="'Online Banking::BankServer::SavingsAccount' -  (Class): no file generated because the 'AppliesToElement' method of the template 'StructTemplate.t4' evaluated to false." />
  <Message Timestamp="2015-03-22T14:03:39" Importance="Diagnostic" Text="'Online Banking::BankServer::AlertTransaction' -  (Class): no file generated because the 'AppliesToElement' method of the template 'StructTemplate.t4' evaluated to false." />
  <Message Timestamp="2015-03-22T14:03:39" Importance="Diagnostic" Text="'Online Banking::BankServer::IDValidationTransaction' -  (Class): no file generated because the 'AppliesToElement' method of the template 'StructTemplate.t4' evaluated to false." />
  <Message Timestamp="2015-03-22T14:03:39" Importance="Diagnostic" Text="'Online Banking::BankServer::StatementTransaction' -  (Class): no file generated because the 'AppliesToElement' method of the template 'StructTemplate.t4' evaluated to false." />
  <Message Timestamp="2015-03-22T14:03:39" Importance="Diagnostic" Text="'Online Banking::BankServer::TransferTransaction' -  (Class): no file generated because the 'AppliesToElement' method of the template 'StructTemplate.t4' evaluated to false." />
  <Message Timestamp="2015-03-22T14:03:39" Importance="Diagnostic" Text="'Online Banking::BankServer::CheckImage' -  (Class): no file generated because the 'AppliesToElement' method of the template 'StructTemplate.t4' evaluated to false." />
  <Message Timestamp="2015-03-22T14:03:39" Importance="Diagnostic" Text="'Online Banking::BankServer::ProfileTransaction' -  (Class): no file generated because the 'AppliesToElement' method of the template 'StructTemplate.t4' evaluated to false." />
  <Message Timestamp="2015-03-22T14:03:39" Importance="Diagnostic" Text="'Online Banking::BankServer::QueryTransaction' -  (Class): no file generated because the 'AppliesToElement' method of the template 'StructTemplate.t4' evaluated to false." />
  <Message Timestamp="2015-03-22T14:03:39" Importance="Diagnostic" Text="'Online Banking::BankServer::UnlockIDTransaction' -  (Class): no file generated because the 'AppliesToElement' method of the template 'StructTemplate.t4' evaluated to false." />
  <Message Timestamp="2015-03-22T14:03:39" Importance="Diagnostic" Text="The selection included 27 elements which were not bound to a template." />
  <Message Timestamp="2015-03-22T14:03:39" Importance="Diagnostic" Text="'Online Banking::OBClient' -  (Package): no bound template." />
  <Message Timestamp="2015-03-22T14:03:39" Importance="Diagnostic" Text="'Online Banking::OBOperator' -  (Package): no bound template." />
  <Message Timestamp="2015-03-22T14:03:39" Importance="Diagnostic" Text="'1eba4a23-fea6-48a9-9f3b-8e1916fa6442' -  (Generalization): no bound template." />
  <Message Timestamp="2015-03-22T14:03:39" Importance="Diagnostic" Text="'a2dd3b75-318c-4d41-8ca5-a5510756f041' -  (Generalization): no bound template." />
  <Message Timestamp="2015-03-22T14:03:39" Importance="Diagnostic" Text="'c2190f68-f104-417b-9ae6-770682d269db' -  (Generalization): no bound template." />
  <Message Timestamp="2015-03-22T14:03:39" Importance="Diagnostic" Text="'e0759c88-de81-4973-b50d-d1a8fb3a19de' -  (Generalization): no bound template." />
  <Message Timestamp="2015-03-22T14:03:39" Importance="Diagnostic" Text="'e2b6fdb0-6d6c-4135-817e-37d52030a258' -  (Generalization): no bound template." />
  <Message Timestamp="2015-03-22T14:03:39" Importance="Diagnostic" Text="'Online Banking::BankServer::Has' -  (Association): no bound template." />
  <Message Timestamp="2015-03-22T14:03:39" Importance="Diagnostic" Text="'a511f5f7-754a-409e-894f-04a5bb47071c' -  (Generalization): no bound template." />
  <Message Timestamp="2015-03-22T14:03:39" Importance="Diagnostic" Text="'23c4ab52-c4ae-4019-9349-ff0251ad6e59' -  (Generalization): no bound template." />
  <Message Timestamp="2015-03-22T14:03:39" Importance="Diagnostic" Text="'Online Banking::BankServer::Owns' -  (Association): no bound template." />
  <Message Timestamp="2015-03-22T14:03:39" Importance="Diagnostic" Text="'Online Banking::BankServer::Has' -  (Association): no bound template." />
  <Message Timestamp="2015-03-22T14:03:39" Importance="Diagnostic" Text="'Online Banking::BankServer::Modifies' -  (Association): no bound template." />
  <Message Timestamp="2015-03-22T14:03:39" Importance="Diagnostic" Text="'Online Banking::BankServer' -  (Package): no bound template." />
  <Message Timestamp="2015-03-22T14:03:39" Importance="Diagnostic" Text="'Online Banking::BankServer::Has' -  (Association): no bound template." />
  <Message Timestamp="2015-03-22T14:03:39" Importance="Diagnostic" Text="'Online Banking::BankServer::Logs' -  (Association): no bound template." />
  <Message Timestamp="2015-03-22T14:03:39" Importance="Diagnostic" Text="'Online Banking::BankServer::' -  (Association): no bound template." />
  <Message Timestamp="2015-03-22T14:03:39" Importance="Diagnostic" Text="'a82fa752-21e1-4a39-83d0-30325651de78' -  (Generalization): no bound template." />
  <Message Timestamp="2015-03-22T14:03:39" Importance="Diagnostic" Text="'68b51b90-7374-4db0-8280-1dbc84e40945' -  (Generalization): no bound template." />
  <Message Timestamp="2015-03-22T14:03:39" Importance="Diagnostic" Text="'dfcc6fba-af3a-4e1a-a68d-4fcc84eee17b' -  (Generalization): no bound template." />
  <Message Timestamp="2015-03-22T14:03:39" Importance="Diagnostic" Text="'9dc08d72-7fb1-4c9a-b4b2-883c40e8513f' -  (Generalization): no bound template." />
  <Message Timestamp="2015-03-22T14:03:39" Importance="Diagnostic" Text="'6c9f9275-b96c-4d86-81da-f1ce5c03b47b' -  (Generalization): no bound template." />
  <Message Timestamp="2015-03-22T14:03:39" Importance="Diagnostic" Text="'57c6ffc7-c1eb-402c-8232-06253fcbd8ea' -  (Generalization): no bound template." />
  <Message Timestamp="2015-03-22T14:03:39" Importance="Diagnostic" Text="'7d2fbd22-cdb2-4efa-86b1-10d1c37d9217' -  (Generalization): no bound template." />
  <Message Timestamp="2015-03-22T14:03:39" Importance="Diagnostic" Text="'83af7577-bbea-47c7-8837-71c6dce39430' -  (Generalization): no bound template." />
  <Message Timestamp="2015-03-22T14:03:39" Importance="Diagnostic" Text="'1f4c2959-7456-4ddb-9bf2-9428859a9d54' -  (Generalization): no bound template." />
  <Message Timestamp="2015-03-22T14:03:39" Importance="Diagnostic" Text="'Online Banking::BankServer::Has' -  (Association): no bound template." />
  <Message Timestamp="2015-03-22T14:03:39" Importance="High" Text="Code generation complete. Errors: 0. Warnings: 0." />
</Log>